Temperature,Hidden_Units,Energy_per_Spin,Magnetization_per_Spin,Specific_Heat_per_Spin,Source
1.0,16,-1.9519536,0.9879206,0.3753357,RBM_DirectML
1.0,4,-1.9291375,0.9821269,0.5530243,RBM_DirectML
1.0,64,-1.9561487,0.98897564,0.3424225,RBM_DirectML
2.27,16,-1.2327013,0.70544493,1.9411862,RBM_DirectML
2.27,4,-0.93053377,0.6790294,1.0633003,RBM_DirectML
2.27,64,-1.4113338,0.7674575,1.2944001,RBM_DirectML
3.5,16,-0.46555376,0.2381,0.2691571,RBM_DirectML
3.5,4,-0.21078876,0.20211312,0.24631292,RBM_DirectML
3.5,64,-0.5749025,0.24105875,0.28866094,RBM_DirectML
